age,workclass,education, marital-status, occupation, race, sex, capital-gain, hours-per-week, native-country,earning
34, Federal-gov, Bachelors, Never-married, Exec-managerial, Asian-Pac-Islander, Male,1471,40, Cambodia, <=50K
32, Private, Preschool, Married-civ-spouse, Machine-op-inspct, Asian-Pac-Islander, Female,4508,40, Cambodia, <=50K
27, Private, HS-grad, Married-civ-spouse, Machine-op-inspct, White, Male,5013,46, Canada, <=50K
56, State-gov, Doctorate, Married-civ-spouse, Prof-specialty, Asian-Pac-Islander, Male,2885,40, China, <=50K
43, Private, HS-grad, Married-civ-spouse, Other-service, Asian-Pac-Islander, Male,2829,60, China, <=50K
38, Private, HS-grad, Married-civ-spouse, Sales, White, Male,3464,40, Columbia, <=50K
52, Private, HS-grad, Married-civ-spouse, Machine-op-inspct, Other, Male,3781,40, Columbia, <=50K
56, Self-emp-not-inc, 9th, Married-civ-spouse, Exec-managerial, White, Male,3411,50, Columbia, <=50K
57, Private, HS-grad, Separated, Machine-op-inspct, White, Male,2174,40, Cuba, <=50K
43, Self-emp-not-inc, 7th-8th, Married-civ-spouse, Farming-fishing, White, Male,4508,40, Cuba, >=50K
56, Private, Bachelors, Never-married, Prof-specialty, White, Female,2907,52, Cuba, <=50K
24, Private, Some-college, Never-married, Adm-clerical, White, Female,3325,52, Dominican-Republic, <=50K
67, Private, 1st-4th, Widowed, Machine-op-inspct, White, Female,2062,34, Ecuador, <=50K
29, Private, HS-grad, Never-married, Machine-op-inspct, White, Male,3325,40, Ecuador, <=50K
59, Self-emp-not-inc, 5th-6th, Married-civ-spouse, Other-service, White, Male,2580,15, El-Salvador, <=50K
27, Private, 5th-6th, Never-married, Priv-house-serv, White, Female,2176,40, El-Salvador, <=50K
50, Private, HS-grad, Married-civ-spouse, Machine-op-inspct, White, Female,3137,40, El-Salvador, <=50K
47, Local-gov, 11th, Married-civ-spouse, Transport-moving, White, Male,3411,40, El-Salvador, <=50K
27, Federal-gov, Assoc-acdm, Married-civ-spouse, Adm-clerical, White, Male,4064,40, El-Salvador, >=50K
36, Private, Some-college, Married-civ-spouse, Craft-repair, White, Male,3137,50, El-Salvador, <=50K
47, Private, HS-grad, Widowed, Adm-clerical, White, Female,2174,40, England, <=50K
73, Private, HS-grad, Married-civ-spouse, Machine-op-inspct, White, Male,3471,40, England, <=50K
30, Private, Some-college, Divorced, Prof-specialty, White, Female,6849,40, England, <=50K
34, Private, Bachelors, Never-married, Prof-specialty, White, Male,2463,50, France, <=50K
69, Private, Assoc-acdm, Divorced, Adm-clerical, White, Female,2964,6, Germany, <=50K
33, Private, Bachelors, Divorced, Prof-specialty, White, Female,914,40, Germany, <=50K
29, Private, Bachelors, Married-civ-spouse, Prof-specialty, White, Male,5013,40, Germany, <=50K
34, Private, HS-grad, Divorced, Transport-moving, White, Female,1151,48, Germany, <=50K
28, Private, Doctorate, Never-married, Prof-specialty, White, Male,594,50, Germany, <=50K
30, Self-emp-not-inc, Assoc-voc, Married-civ-spouse, Sales, White, Male,3137,60, Germany, <=50K
65, Private, HS-grad, Married-civ-spouse, Craft-repair, White, Male,2290,40, Greece, <=50K
44, Self-emp-inc, HS-grad, Married-civ-spouse, Exec-managerial, White, Male,5013,60, Greece, <=50K
46, Private, HS-grad, Married-civ-spouse, Machine-op-inspct, White, Male,3411,35, Guatemala, <=50K
32, Private, 1st-4th, Never-married, Craft-repair, White, Male,3674,40, Guatemala, <=50K
65, Private, Some-college, Widowed, Prof-specialty, White, Female,1848,20, Hungary, <=50K
66, Self-emp-not-inc, Assoc-acdm, Married-civ-spouse, Craft-repair, White, Male,2290,30, Hungary, <=50K
17, Private, 11th, Never-married, Sales, White, Female,1055,18, India, <=50K
58, State-gov, Doctorate, Married-civ-spouse, Prof-specialty, Asian-Pac-Islander, Male,4064,40, India, <=50K
51, Private, Masters, Married-civ-spouse, Prof-specialty, Asian-Pac-Islander, Male,5013,40, India, <=50K
26, State-gov, Prof-school, Never-married, Prof-specialty, Asian-Pac-Islander, Male,2463,50, India, >=50K
29, Private, HS-grad, Married-civ-spouse, Machine-op-inspct, White, Male,3137,48, Ireland, <=50K
23, Private, HS-grad, Divorced, Craft-repair, White, Male,4650,50, Ireland, <=50K
64, Self-emp-not-inc, HS-grad, Married-civ-spouse, Craft-repair, White, Male,2635,24, Italy, <=50K
55, Private, HS-grad, Widowed, Other-service, White, Female,2202,35, Italy, <=50K
36, Private, HS-grad, Married-civ-spouse, Craft-repair, White, Male,5013,40, Italy, <=50K
38, Self-emp-not-inc, HS-grad, Married-civ-spouse, Other-service, White, Male,3464,80, Italy, <=50K
55, Private, HS-grad, Married-civ-spouse, Transport-moving, Black, Male,3411,40, Jamaica, <=50K
41, Private, HS-grad, Divorced, Craft-repair, White, Male,2174,40, Japan, <=50K
32, Private, Some-college, Married-civ-spouse, Exec-managerial, White, Female,2597,40, Japan, <=50K
47, Private, Bachelors, Married-civ-spouse, Exec-managerial, Asian-Pac-Islander, Male,2885,65, Japan, <=50K
27, Private, HS-grad, Married-civ-spouse, Machine-op-inspct, Asian-Pac-Islander, Male,2885,40, Laos, <=50K
43, Local-gov, Some-college, Divorced, Adm-clerical, White, Female,594,20, Mexico, <=50K
27, Private, Preschool, Married-civ-spouse, Farming-fishing, White, Male,41310,24, Mexico, <=50K
38, Private, HS-grad, Married-civ-spouse, Handlers-cleaners, White, Male,2829,30, Mexico, >=50K
31, Private, 10th, Married-civ-spouse, Farming-fishing, White, Male,2105,40, Mexico, <=50K
31, Private, 9th, Married-civ-spouse, Machine-op-inspct, White, Male,3137,40, Mexico, <=50K
41, Private, 5th-6th, Married-civ-spouse, Farming-fishing, White, Male,3411,40, Mexico, <=50K
30, Private, 5th-6th, Married-civ-spouse, Machine-op-inspct, White, Male,3464,40, Mexico, <=50K
40, Private, 5th-6th, Married-civ-spouse, Other-service, Other, Male,4064,40, Mexico, <=50K
42, Private, 11th, Divorced, Sales, White, Male,1506,50, Mexico, <=50K
58, Private, 7th-8th, Married-civ-spouse, Machine-op-inspct, White, Male,2936,50, Mexico, <=50K
48, Private, 1st-4th, Married-civ-spouse, Farming-fishing, White, Male,3781,50, Mexico, <=50K
37, Private, 9th, Married-civ-spouse, Handlers-cleaners, White, Male,3781,50, Mexico, <=50K
39, Private, 11th, Married-civ-spouse, Other-service, White, Male,2407,70, Mexico, <=50K
29, Private, Some-college, Married-civ-spouse, Exec-managerial, White, Male,3411,70, Mexico, <=50K
36, Private, HS-grad, Never-married, Adm-clerical, White, Female,2907,40, Nicaragua, >=50K
37, Private, HS-grad, Never-married, Handlers-cleaners, White, Female,3887,40, Nicaragua, <=50K
41, Private, HS-grad, Never-married, Machine-op-inspct, White, Female,1831,40, Peru, <=50K
29, Private, 11th, Married-civ-spouse, Handlers-cleaners, Asian-Pac-Islander, Female,2829,14, Philippines, <=50K
60, Private, 7th-8th, Married-civ-spouse, Machine-op-inspct, White, Male,3137,40, Poland, <=50K
35, Private, Some-college, Married-civ-spouse, Tech-support, White, Male,2829,55, Poland, <=50K
40, Private, HS-grad, Married-spouse-absent, Handlers-cleaners, White, Male,2174,60, Poland, <=50K
21, Self-emp-not-inc, 12th, Married-civ-spouse, Adm-clerical, White, Female,4508,30, Portugal, <=50K
38, Private, 7th-8th, Married-civ-spouse, Farming-fishing, White, Male,3942,84, Portugal, <=50K
36, Private, 7th-8th, Married-spouse-absent, Machine-op-inspct, White, Female,2977,40, Puerto-Rico, <=50K
25, Private, HS-grad, Never-married, Adm-clerical, Black, Female,4416,40, Puerto-Rico, <=50K
57, Private, Bachelors, Married-civ-spouse, Exec-managerial, Asian-Pac-Islander, Male,4508,40, South, <=50K
29, Private, Bachelors, Never-married, Adm-clerical, Asian-Pac-Islander, Female,2202,40, Taiwan, <=50K
75, Self-emp-not-inc, Doctorate, Married-civ-spouse, Prof-specialty, White, Male,4931,3, United-States, <=50K
18, Private, HS-grad, Never-married, Protective-serv, White, Male,34095,3, United-States, <=50K
18, Self-emp-not-inc, 11th, Never-married, Other-service, White, Female,594,4, United-States, <=50K
21, Local-gov, Some-college, Never-married, Adm-clerical, White, Female,594,4, United-States, <=50K
22, Private, Bachelors, Never-married, Exec-managerial, White, Male,2202,4, United-States, <=50K
81, Private, 9th, Widowed, Priv-house-serv, Black, Female,2062,5, United-States, <=50K
61, Private, HS-grad, Married-civ-spouse, Adm-clerical, White, Female,2414,5, United-States, <=50K
69, Local-gov, HS-grad, Married-civ-spouse, Craft-repair, White, Male,1424,6, United-States, <=50K
72, Private, Bachelors, Married-civ-spouse, Sales, White, Male,1455,6, United-States, >=50K
36, Self-emp-not-inc, Some-college, Married-civ-spouse, Farming-fishing, White, Male,3456,8, United-States, <=50K
17, Private, 11th, Never-married, Other-service, White, Male,594,10, United-States, <=50K
49, Local-gov, HS-grad, Divorced, Adm-clerical, White, Female,594,10, United-States, <=50K
57, Private, Some-college, Divorced, Exec-managerial, White, Female,594,10, United-States, <=50K
69, Self-emp-not-inc, 7th-8th, Never-married, Farming-fishing, White, Male,1848,10, United-States, <=50K
73, Local-gov, 7th-8th, Married-civ-spouse, Protective-serv, White, Male,2228,10, United-States, <=50K
72, Local-gov, HS-grad, Married-civ-spouse, Exec-managerial, White, Male,2290,10, United-States, <=50K
64, Self-emp-inc, HS-grad, Married-civ-spouse, Craft-repair, White, Male,2635,10, United-States, <=50K
29, Private, Bachelors, Never-married, Exec-managerial, White, Female,3325,10, United-States, <=50K
65, Self-emp-not-inc, Bachelors, Married-civ-spouse, Sales, White, Male,3818,10, United-States, <=50K
69, Private, HS-grad, Widowed, Adm-clerical, White, Female,1848,12, United-States, <=50K
20, Private, Some-college, Never-married, Prof-specialty, White, Female,2176,12, United-States, <=50K
78, Private, HS-grad, Widowed, Sales, White, Female,2329,12, United-States, <=50K
72, Private, 10th, Married-civ-spouse, Other-service, White, Male,2414,12, United-States, <=50K
90, Self-emp-not-inc, HS-grad, Never-married, Exec-managerial, White, Male,2964,12, United-States, <=50K
43, Federal-gov, Masters, Married-civ-spouse, Handlers-cleaners, White, Male,5013,12, United-States, <=50K
18, Private, 12th, Never-married, Sales, White, Male,594,14, United-States, <=50K
77, Local-gov, Bachelors, Married-civ-spouse, Adm-clerical, White, Male,3818,14, United-States, <=50K
24, Private, HS-grad, Never-married, Other-service, White, Female,594,15, United-States, <=50K
78, Private, 7th-8th, Married-civ-spouse, Handlers-cleaners, White, Male,1797,15, United-States, <=50K
69, Private, Bachelors, Widowed, Exec-managerial, White, Female,2346,15, United-States, <=50K
75, Self-emp-not-inc, HS-grad, Divorced, Sales, White, Male,2346,15, United-States, <=50K
59, Private, HS-grad, Married-civ-spouse, Adm-clerical, White, Male,2414,15, United-States, <=50K
48, Private, HS-grad, Married-civ-spouse, Sales, White, Male,2885,15, United-States, <=50K
43, Private, Some-college, Married-civ-spouse, Adm-clerical, White, Female,4064,15, United-States, >=50K
43, Private, HS-grad, Divorced, Handlers-cleaners, White, Male,594,16, United-States, <=50K
20, Private, Some-college, Never-married, Other-service, White, Female,594,16, United-States, <=50K
71, Private, Bachelors, Divorced, Tech-support, White, Female,2329,16, United-States, <=50K
42, Private, Masters, Divorced, Prof-specialty, White, Female,2354,16, United-States, <=50K
33, Private, HS-grad, Married-civ-spouse, Protective-serv, White, Male,2635,16, United-States, <=50K
67, Self-emp-not-inc, HS-grad, Divorced, Exec-managerial, White, Female,3273,16, United-States, <=50K
33, Private, Some-college, Never-married, Prof-specialty, White, Female,3674,16, United-States, <=50K
60, Private, Prof-school, Married-civ-spouse, Prof-specialty, White, Male,3781,16, United-States, <=50K
67, Private, HS-grad, Widowed, Sales, White, Female,991,18, United-States, <=50K
69, Private, HS-grad, Widowed, Other-service, White, Female,991,18, United-States, <=50K
17, Private, 11th, Never-married, Handlers-cleaners, White, Male,2176,18, United-States, <=50K
20, Private, 9th, Never-married, Adm-clerical, Black, Female,114,20, United-States, <=50K
77, Self-emp-not-inc, HS-grad, Never-married, Machine-op-inspct, White, Male,401,20, United-States, <=50K
20, Private, 11th, Never-married, Other-service, Black, Male,594,20, United-States, <=50K
18, Private, 12th, Never-married, Craft-repair, White, Male,594,20, United-States, <=50K
56, Private, HS-grad, Widowed, Other-service, Black, Female,594,20, United-States, <=50K
19, Private, Some-college, Never-married, Adm-clerical, White, Female,594,20, United-States, <=50K
20, Private, Some-college, Never-married, Prof-specialty, Black, Female,594,20, United-States, <=50K
65, Private, HS-grad, Separated, Protective-serv, White, Male,991,20, United-States, <=50K
17, Private, 10th, Never-married, Other-service, Amer-Indian-Eskimo, Female,1055,20, United-States, <=50K
17, Private, 11th, Never-married, Adm-clerical, White, Female,1055,20, United-States, <=50K
18, Private, 11th, Never-married, Other-service, White, Male,1055,20, United-States, <=50K
20, Private, Some-college, Never-married, Sales, White, Male,1055,20, United-States, <=50K
23, Private, Some-college, Never-married, Adm-clerical, White, Male,1055,20, United-States, <=50K
34, Private, Assoc-voc, Never-married, Prof-specialty, White, Female,1639,20, United-States, <=50K
67, Self-emp-not-inc, HS-grad, Married-civ-spouse, Farming-fishing, White, Male,1797,20, United-States, <=50K
38, State-gov, HS-grad, Divorced, Other-service, White, Female,2036,20, United-States, >=50K
71, Local-gov, Masters, Widowed, Exec-managerial, White, Male,2050,20, United-States, <=50K
18, Private, Some-college, Never-married, Tech-support, White, Male,2176,20, United-States, <=50K
20, Private, Some-college, Never-married, Adm-clerical, White, Female,2176,20, United-States, <=50K
21, Private, Some-college, Never-married, Adm-clerical, White, Female,2176,20, United-States, <=50K
63, Self-emp-not-inc, HS-grad, Married-civ-spouse, Craft-repair, White, Male,2290,20, United-States, <=50K
70, Self-emp-not-inc, HS-grad, Widowed, Other-service, White, Female,2329,20, United-States, <=50K
65, Without-pay, HS-grad, Married-civ-spouse, Transport-moving, White, Male,2414,20, United-States, <=50K
63, Private, HS-grad, Married-civ-spouse, Other-service, White, Male,2580,20, United-States, <=50K
75, Private, HS-grad, Married-civ-spouse, Sales, White, Male,2653,20, United-States, <=50K
66, Private, Masters, Married-civ-spouse, Prof-specialty, White, Male,2936,20, United-States, <=50K
66, Local-gov, HS-grad, Married-civ-spouse, Exec-managerial, White, Male,3432,20, United-States, <=50K
39, State-gov, HS-grad, Married-civ-spouse, Adm-clerical, Asian-Pac-Islander, Female,3464,20, United-States, <=50K
72, Private, Some-college, Married-civ-spouse, Prof-specialty, White, Male,3471,20, United-States, <=50K
34, Private, Some-college, Married-civ-spouse, Sales, White, Female,4386,20, United-States, <=50K
35, Private, Some-college, Never-married, Prof-specialty, Asian-Pac-Islander, Male,4650,20, United-States, <=50K
55, Private, Some-college, Divorced, Adm-clerical, White, Female,4650,20, United-States, <=50K
40, Private, HS-grad, Married-civ-spouse, Sales, White, Female,5013,20, United-States, <=50K
68, Private, Masters, Never-married, Adm-clerical, White, Female,6360,20, United-States, <=50K
71, Private, HS-grad, Married-civ-spouse, Protective-serv, White, Male,6767,20, United-States, <=50K
19, Private, HS-grad, Never-married, Other-service, White, Female,34095,20, United-States, <=50K
65, Self-emp-not-inc, 5th-6th, Married-civ-spouse, Farming-fishing, White, Male,1797,21, United-States, <=50K
62, Private, 9th, Never-married, Priv-house-serv, Black, Female,1055,22, United-States, <=50K
32, Local-gov, HS-grad, Married-civ-spouse, Transport-moving, White, Female,4064,22, United-States, <=50K
50, Private, Some-college, Divorced, Craft-repair, White, Male,4650,22, United-States, >=50K
19, State-gov, Some-college, Never-married, Other-service, White, Male,594,24, United-States, <=50K
17, Private, 9th, Never-married, Other-service, White, Male,1055,24, United-States, <=50K
76, Private, HS-grad, Married-civ-spouse, Sales, White, Male,1424,24, United-States, <=50K
69, Private, Some-college, Widowed, Adm-clerical, White, Female,2050,24, United-States, <=50K
62, Private, Some-college, Married-civ-spouse, Tech-support, White, Male,2829,24, United-States, <=50K
39, Private, HS-grad, Married-civ-spouse, Adm-clerical, White, Male,4508,24, United-States, <=50K
47, Private, HS-grad, Married-civ-spouse, Prof-specialty, White, Male,5013,24, United-States, <=50K
44, Private, Assoc-voc, Never-married, Priv-house-serv, White, Male,594,25, United-States, <=50K
22, Local-gov, Some-college, Never-married, Prof-specialty, White, Female,594,25, United-States, <=50K
18, Private, HS-grad, Never-married, Transport-moving, White, Male,1055,25, United-States, <=50K
18, Private, HS-grad, Never-married, Handlers-cleaners, White, Male,2176,25, United-States, <=50K
20, Private, Some-college, Never-married, Other-service, White, Male,2176,25, United-States, <=50K
22, Private, Bachelors, Married-civ-spouse, Adm-clerical, Amer-Indian-Eskimo, Female,2885,25, United-States, <=50K
38, Self-emp-not-inc, HS-grad, Married-civ-spouse, Craft-repair, White, Male,3411,25, United-States, <=50K
28, Private, Some-college, Married-civ-spouse, Sales, White, Female,4064,25, United-States, <=50K
20, Private, Some-college, Never-married, Other-service, White, Female,4416,25, United-States, <=50K
23, Private, 11th, Married-civ-spouse, Transport-moving, White, Male,4508,25, United-States, <=50K
72, Private, Assoc-voc, Separated, Other-service, White, Female,6723,25, United-States, <=50K
35, Private, Some-college, Married-civ-spouse, Adm-clerical, White, Female,3908,27, United-States, <=50K
81, Self-emp-inc, 10th, Married-civ-spouse, Exec-managerial, White, Female,2936,28, United-States, <=50K
59, Private, 11th, Married-civ-spouse, Other-service, White, Female,3908,28, United-States, >=50K
17, Private, 10th, Never-married, Craft-repair, White, Male,594,30, United-States, <=50K
18, Private, 11th, Never-married, Handlers-cleaners, White, Male,594,30, United-States, <=50K
22, Private, Bachelors, Never-married, Adm-clerical, White, Female,1055,30, United-States, <=50K
18, Private, HS-grad, Never-married, Sales, White, Female,1055,30, United-States, <=50K
21, Private, HS-grad, Never-married, Other-service, White, Female,1055,30, United-States, <=50K
30, Private, HS-grad, Divorced, Sales, White, Male,1151,30, United-States, <=50K
40, Private, Some-college, Divorced, Exec-managerial, White, Female,1831,30, United-States, <=50K
34, Private, HS-grad, Never-married, Craft-repair, White, Male,2036,30, United-States, <=50K
19, Private, Some-college, Never-married, Other-service, Black, Female,2036,30, United-States, <=50K
63, Private, 11th, Widowed, Sales, White, Female,2176,30, United-States, <=50K
24, Private, Bachelors, Never-married, Adm-clerical, White, Male,2202,30, United-States, <=50K
35, Self-emp-not-inc, 9th, Married-civ-spouse, Craft-repair, White, Male,2635,30, United-States, <=50K
54, Self-emp-not-inc, Some-college, Married-civ-spouse, Transport-moving, White, Male,2829,30, United-States, <=50K
59, Private, Bachelors, Married-civ-spouse, Adm-clerical, White, Female,2885,30, United-States, <=50K
42, Self-emp-inc, Some-college, Married-civ-spouse, Prof-specialty, Amer-Indian-Eskimo, Male,2885,30, United-States, <=50K
18, Private, Some-college, Never-married, Transport-moving, White, Male,2907,30, United-States, <=50K
79, Private, 7th-8th, Widowed, Priv-house-serv, White, Female,2964,30, United-States, <=50K
44, Private, HS-grad, Married-civ-spouse, Handlers-cleaners, White, Female,3137,30, United-States, <=50K
37, Self-emp-not-inc, HS-grad, Married-civ-spouse, Prof-specialty, White, Male,3137,30, United-States, <=50K
58, Private, HS-grad, Divorced, Machine-op-inspct, White, Male,3325,30, United-States, <=50K
25, Private, Some-college, Never-married, Sales, Black, Female,3418,30, United-States, >=50K
25, Private, Bachelors, Never-married, Prof-specialty, White, Male,3674,30, United-States, <=50K
46, Private, HS-grad, Never-married, Handlers-cleaners, White, Male,3674,30, United-States, <=50K
69, Self-emp-inc, Bachelors, Married-civ-spouse, Machine-op-inspct, White, Male,3818,30, United-States, <=50K
34, Private, HS-grad, Never-married, Machine-op-inspct, White, Male,4416,30, United-States, <=50K
52, Local-gov, Assoc-acdm, Divorced, Other-service, White, Female,4865,30, United-States, <=50K
24, Private, Bachelors, Married-civ-spouse, Prof-specialty, White, Male,5013,30, United-States, <=50K
24, Private, Some-college, Never-married, Sales, White, Female,5060,30, United-States, <=50K
36, State-gov, Masters, Divorced, Prof-specialty, White, Male,5455,30, United-States, <=50K
25, Private, Masters, Never-married, Prof-specialty, White, Female,2597,31, United-States, <=50K
26, Private, 11th, Never-married, Other-service, Black, Male,1055,32, United-States, <=50K
21, Private, Some-college, Never-married, Prof-specialty, White, Female,1055,32, United-States, <=50K
40, Private, Assoc-acdm, Separated, Tech-support, White, Female,1471,32, United-States, <=50K
47, Self-emp-inc, HS-grad, Married-civ-spouse, Exec-managerial, White, Male,2885,32, United-States, <=50K
39, Private, Bachelors, Married-civ-spouse, Prof-specialty, White, Female,5013,32, United-States, <=50K
39, Private, 9th, Married-civ-spouse, Other-service, Black, Female,3411,34, United-States, <=50K
26, Private, Assoc-voc, Divorced, Sales, White, Female,594,35, United-States, <=50K
37, Local-gov, Bachelors, Divorced, Prof-specialty, White, Female,1151,35, United-States, <=50K
69, Private, 9th, Married-civ-spouse, Other-service, White, Male,1424,35, United-States, <=50K
61, Local-gov, HS-grad, Widowed, Adm-clerical, White, Female,1471,35, United-States, <=50K
49, Private, Bachelors, Widowed, Prof-specialty, White, Female,1506,35, United-States, <=50K
33, Private, 7th-8th, Divorced, Handlers-cleaners, White, Male,2176,35, United-States, >=50K
18, Private, Some-college, Never-married, Sales, White, Female,2176,35, United-States, <=50K
55, Private, HS-grad, Married-civ-spouse, Other-service, Black, Female,2407,35, United-States, <=50K
28, Private, Assoc-voc, Never-married, Other-service, White, Female,2463,35, United-States, <=50K
26, Private, Bachelors, Never-married, Exec-managerial, White, Male,2463,35, United-States, <=50K
20, Private, 11th, Married-civ-spouse, Handlers-cleaners, White, Male,2961,35, United-States, <=50K
32, Private, HS-grad, Never-married, Adm-clerical, Black, Female,2977,35, United-States, <=50K
40, Local-gov, Some-college, Never-married, Adm-clerical, Amer-Indian-Eskimo, Female,2977,35, United-States, <=50K
45, Private, HS-grad, Married-civ-spouse, Machine-op-inspct, Black, Male,3137,35, United-States, <=50K
31, State-gov, Assoc-acdm, Never-married, Adm-clerical, White, Female,3325,35, United-States, <=50K
34, Private, HS-grad, Divorced, Craft-repair, White, Male,3325,35, United-States, <=50K
33, Private, 10th, Separated, Other-service, White, Female,3418,35, United-States, <=50K
20, Private, HS-grad, Married-civ-spouse, Craft-repair, White, Male,3781,35, United-States, <=50K
54, State-gov, HS-grad, Separated, Adm-clerical, Black, Female,3887,35, United-States, <=50K
27, Private, HS-grad, Married-civ-spouse, Transport-moving, White, Male,3908,35, United-States, <=50K
35, Private, HS-grad, Married-civ-spouse, Prof-specialty, White, Female,3942,35, United-States, <=50K
35, Private, Some-college, Married-civ-spouse, Craft-repair, White, Male,4064,35, United-States, <=50K
37, Private, Assoc-voc, Never-married, Adm-clerical, Other, Female,4101,35, United-States, <=50K
25, Private, Bachelors, Never-married, Exec-managerial, White, Male,4101,35, United-States, <=50K
38, Self-emp-not-inc, HS-grad, Married-civ-spouse, Craft-repair, White, Male,4386,35, United-States, <=50K
42, Local-gov, Bachelors, Never-married, Exec-managerial, White, Male,4650,35, United-States, <=50K
33, Private, Bachelors, Separated, Prof-specialty, White, Male,4650,35, United-States, <=50K
26, Local-gov, Bachelors, Never-married, Prof-specialty, White, Female,4865,35, United-States, <=50K
53, Local-gov, HS-grad, Married-civ-spouse, Craft-repair, White, Male,5013,35, United-States, <=50K
67, Local-gov, Bachelors, Divorced, Adm-clerical, Black, Female,6360,35, United-States, <=50K
45, Local-gov, Some-college, Divorced, Adm-clerical, Black, Female,6497,35, United-States, <=50K
38, Private, Some-college, Never-married, Adm-clerical, White, Female,6497,35, United-States, <=50K
34, Private, HS-grad, Separated, Adm-clerical, White, Female,7443,35, United-States, <=50K
34, Private, HS-grad, Never-married, Handlers-cleaners, White, Female,7443,35, United-States, >=50K
67, Private, Some-college, Divorced, Adm-clerical, White, Male,7978,35, United-States, <=50K
64, Private, Some-college, Married-civ-spouse, Exec-managerial, White, Female,10566,35, United-States, <=50K
43, State-gov, Bachelors, Divorced, Prof-specialty, White, Female,1506,36, United-States, <=50K
28, Private, Assoc-voc, Never-married, Tech-support, White, Female,2174,36, United-States, <=50K
27, Private, Bachelors, Never-married, Prof-specialty, White, Female,4865,36, United-States, <=50K
57, State-gov, Bachelors, Divorced, Adm-clerical, White, Male,2174,37, United-States, <=50K
60, Private, 9th, Married-civ-spouse, Machine-op-inspct, White, Male,2228,37, United-States, <=50K
39, Private, 11th, Married-civ-spouse, Other-service, Black, Male,2635,37, United-States, <=50K
25, Private, Masters, Never-married, Prof-specialty, White, Female,4650,37, United-States, <=50K
38, State-gov, HS-grad, Never-married, Other-service, Black, Female,114,38, United-States, <=50K
32, Private, HS-grad, Divorced, Tech-support, White, Female,1471,38, United-States, <=50K
47, State-gov, HS-grad, Divorced, Adm-clerical, White, Female,1831,38, United-States, <=50K
31, Private, Assoc-acdm, Never-married, Adm-clerical, White, Male,2202,38, United-States, <=50K
31, Private, Some-college, Never-married, Adm-clerical, White, Female,2463,38, United-States, <=50K
24, Private, 7th-8th, Married-civ-spouse, Craft-repair, White, Male,2635,38, United-States, <=50K
51, Private, HS-grad, Married-civ-spouse, Adm-clerical, Black, Female,3411,38, United-States, <=50K
31, Private, Assoc-voc, Married-civ-spouse, Craft-repair, White, Male,3464,38, United-States, <=50K
39, Private, HS-grad, Married-civ-spouse, Sales, White, Male,4064,38, United-States, <=50K
43, Private, Some-college, Married-civ-spouse, Craft-repair, White, Male,4064,38, United-States, <=50K
45, Private, Assoc-acdm, Divorced, Prof-specialty, White, Female,5455,38, United-States, <=50K
40, Private, HS-grad, Never-married, Adm-clerical, White, Female,6849,38, United-States, <=50K
38, Private, 10th, Widowed, Transport-moving, Black, Male,114,40, United-States, <=50K
25, Private, HS-grad, Never-married, Other-service, White, Female,114,40, United-States, <=50K
17, Private, 11th, Never-married, Craft-repair, White, Male,594,40, United-States, >=50K
18, Private, 9th, Never-married, Handlers-cleaners, White, Male,594,40, United-States, <=50K
21, Private, HS-grad, Never-married, Craft-repair, White, Male,594,40, United-States, <=50K
19, Private, Some-college, Never-married, Craft-repair, White, Male,594,40, United-States, <=50K
25, Private, 9th, Never-married, Craft-repair, White, Male,914,40, United-States, <=50K
41, Private, HS-grad, Widowed, Exec-managerial, White, Male,914,40, United-States, <=50K
48, Private, HS-grad, Separated, Adm-clerical, White, Female,914,40, United-States, <=50K
54, Private, HS-grad, Widowed, Machine-op-inspct, White, Male,914,40, United-States, <=50K
43, Local-gov, Masters, Divorced, Prof-specialty, White, Female,914,40, United-States, <=50K
40, Private, Some-college, Divorced, Adm-clerical, White, Female,914,40, United-States, <=50K
19, Private, 12th, Separated, Prof-specialty, White, Female,1055,40, United-States, <=50K
19, Private, 12th, Never-married, Sales, White, Male,1055,40, United-States, <=50K
26, Local-gov, Bachelors, Never-married, Prof-specialty, White, Male,1055,40, United-States, <=50K
33, Local-gov, Bachelors, Never-married, Adm-clerical, White, Female,1055,40, United-States, <=50K
33, Private, HS-grad, Never-married, Other-service, White, Female,1055,40, United-States, <=50K
64, Self-emp-not-inc, HS-grad, Never-married, Other-service, White, Male,1055,40, United-States, <=50K
43, Private, Some-college, Never-married, Handlers-cleaners, Asian-Pac-Islander, Female,1055,40, United-States, <=50K
38, Private, Bachelors, Divorced, Sales, White, Female,1151,40, United-States, <=50K
35, Private, HS-grad, Never-married, Tech-support, White, Female,1151,40, United-States, <=50K
24, Local-gov, Some-college, Never-married, Protective-serv, Other, Male,1151,40, United-States, <=50K
66, Self-emp-not-inc, HS-grad, Married-civ-spouse, Farming-fishing, White, Male,1409,40, United-States, <=50K
80, Self-emp-not-inc, HS-grad, Married-civ-spouse, Other-service, White, Male,1409,40, United-States, <=50K
33, Private, 12th, Separated, Adm-clerical, White, Female,1471,40, United-States, <=50K
48, Federal-gov, HS-grad, Married-spouse-absent, Adm-clerical, White, Female,1471,40, United-States, <=50K
53, Private, Some-college, Divorced, Adm-clerical, White, Female,1471,40, United-States, <=50K
39, Private, Assoc-acdm, Divorced, Exec-managerial, White, Male,1506,40, United-States, <=50K
40, Self-emp-inc, Assoc-acdm, Divorced, Sales, White, Female,1506,40, United-States, <=50K
37, Private, HS-grad, Divorced, Craft-repair, White, Male,1506,40, United-States, >=50K
49, Private, HS-grad, Never-married, Transport-moving, Black, Female,1506,40, United-States, <=50K
41, Federal-gov, Masters, Divorced, Prof-specialty, White, Female,1506,40, United-States, <=50K
39, Private, Masters, Divorced, Prof-specialty, White, Female,1506,40, United-States, <=50K
40, State-gov, Masters, Divorced, Exec-managerial, White, Female,1506,40, United-States, <=50K
69, Private, 5th-6th, Married-civ-spouse, Adm-clerical, White, Male,1797,40, United-States, <=50K
67, Private, 7th-8th, Married-civ-spouse, Craft-repair, White, Male,1797,40, United-States, <=50K
36, Private, HS-grad, Divorced, Exec-managerial, White, Female,1831,40, United-States, <=50K
33, State-gov, HS-grad, Never-married, Other-service, Black, Female,1831,40, United-States, <=50K
29, Private, Some-college, Divorced, Exec-managerial, White, Female,1831,40, United-States, <=50K
69, Private, HS-grad, Widowed, Adm-clerical, White, Female,1848,40, United-States, <=50K
67, Local-gov, Masters, Divorced, Adm-clerical, White, Female,2009,40, United-States, >=50K
33, Local-gov, HS-grad, Married-civ-spouse, Other-service, Black, Male,2105,40, United-States, <=50K
23, Private, HS-grad, Married-civ-spouse, Machine-op-inspct, White, Female,2105,40, United-States, <=50K
52, Private, HS-grad, Married-civ-spouse, Machine-op-inspct, White, Male,2105,40, United-States, <=50K
32, Federal-gov, Assoc-acdm, Divorced, Protective-serv, White, Male,2174,40, United-States, <=50K
29, Self-emp-not-inc, Assoc-voc, Never-married, Adm-clerical, White, Female,2174,40, United-States, <=50K
23, Private, Bachelors, Never-married, Adm-clerical, White, Female,2174,40, United-States, <=50K
28, Private, Bachelors, Never-married, Prof-specialty, White, Female,2174,40, United-States, <=50K
40, Self-emp-not-inc, Bachelors, Married-spouse-absent, Prof-specialty, White, Female,2174,40, United-States, <=50K
39, State-gov, Bachelors, Never-married, Adm-clerical, White, Male,2174,40, United-States, <=50K
27, Local-gov, HS-grad, Never-married, Protective-serv, Black, Male,2174,40, United-States, <=50K
24, Private, HS-grad, Never-married, Other-service, White, Female,2174,40, United-States, <=50K
27, Private, HS-grad, Never-married, Transport-moving, Black, Male,2174,40, United-States, <=50K
31, Private, HS-grad, Never-married, Adm-clerical, White, Male,2174,40, United-States, <=50K
32, Private, HS-grad, Divorced, Other-service, White, Male,2174,40, United-States, <=50K
39, Private, HS-grad, Divorced, Craft-repair, White, Male,2174,40, United-States, <=50K
41, Private, HS-grad, Never-married, Exec-managerial, White, Male,2174,40, United-States, <=50K
48, Private, HS-grad, Never-married, Machine-op-inspct, Black, Female,2174,40, United-States, <=50K
58, Private, HS-grad, Divorced, Adm-clerical, White, Female,2174,40, United-States, <=50K
62, Private, HS-grad, Divorced, Machine-op-inspct, White, Female,2174,40, United-States, <=50K
63, Private, HS-grad, Never-married, Machine-op-inspct, White, Male,2174,40, United-States, <=50K
27, State-gov, HS-grad, Never-married, Protective-serv, White, Male,2174,40, United-States, <=50K
26, Local-gov, Masters, Never-married, Prof-specialty, White, Female,2174,40, United-States, <=50K
29, Federal-gov, Some-college, Never-married, Adm-clerical, Black, Female,2174,40, United-States, <=50K
43, Federal-gov, Some-college, Never-married, Adm-clerical, White, Male,2174,40, United-States, <=50K
25, Private, Some-college, Never-married, Tech-support, White, Male,2174,40, United-States, <=50K
34, Private, Some-college, Divorced, Transport-moving, White, Male,2174,40, United-States, <=50K
37, Private, Some-college, Never-married, Exec-managerial, White, Male,2174,40, United-States, <=50K
21, Private, HS-grad, Never-married, Machine-op-inspct, White, Male,2176,40, United-States, <=50K
21, Private, HS-grad, Never-married, Handlers-cleaners, Black, Male,2176,40, United-States, <=50K
25, Private, HS-grad, Never-married, Machine-op-inspct, White, Female,2176,40, United-States, <=50K
39, Private, HS-grad, Separated, Machine-op-inspct, Black, Male,2176,40, United-States, <=50K
28, Self-emp-not-inc, Prof-school, Never-married, Prof-specialty, White, Male,2176,40, United-States, <=50K
18, Private, Some-college, Never-married, Sales, White, Male,2176,40, United-States, <=50K
20, Private, Some-college, Never-married, Machine-op-inspct, White, Female,2176,40, United-States, <=50K
48, Private, Some-college, Divorced, Handlers-cleaners, White, Male,2176,40, United-States, <=50K
53, Private, Assoc-voc, Divorced, Adm-clerical, Black, Female,2202,40, United-States, <=50K
65, Self-emp-not-inc, Some-college, Married-civ-spouse, Exec-managerial, White, Male,2290,40, United-States, <=50K
68, Federal-gov, Some-college, Divorced, Adm-clerical, Black, Female,2346,40, United-States, <=50K
65, Private, Some-college, Widowed, Adm-clerical, White, Female,2346,40, United-States, <=50K
44, Federal-gov, Assoc-acdm, Divorced, Exec-managerial, White, Female,2354,40, United-States, <=50K
24, Private, Assoc-acdm, Never-married, Craft-repair, White, Male,2354,40, United-States, <=50K
38, Private, Assoc-voc, Never-married, Tech-support, White, Female,2354,40, United-States, <=50K
26, Private, HS-grad, Never-married, Adm-clerical, White, Female,2354,40, United-States, <=50K
28, Private, HS-grad, Never-married, Craft-repair, White, Male,2354,40, United-States, <=50K
35, Private, HS-grad, Divorced, Craft-repair, White, Male,2354,40, United-States, <=50K
41, Private, HS-grad, Separated, Adm-clerical, Black, Male,2354,40, United-States, <=50K
69, Private, HS-grad, Separated, Transport-moving, Black, Female,2387,40, United-States, <=50K
28, Private, Assoc-voc, Married-civ-spouse, Adm-clerical, White, Male,2407,40, United-States, <=50K
42, Private, Assoc-voc, Married-civ-spouse, Adm-clerical, White, Male,2407,40, United-States, <=50K
42, Private, Assoc-voc, Married-civ-spouse, Machine-op-inspct, White, Male,2407,40, United-States, <=50K
30, Private, Bachelors, Married-civ-spouse, Sales, White, Male,2407,40, United-States, <=50K
36, Self-emp-not-inc, Bachelors, Married-civ-spouse, Exec-managerial, White, Male,2407,40, United-States, <=50K
25, Private, HS-grad, Married-civ-spouse, Handlers-cleaners, White, Male,2407,40, United-States, >=50K
32, Private, HS-grad, Married-civ-spouse, Craft-repair, White, Male,2407,40, United-States, <=50K
22, Private, Some-college, Married-civ-spouse, Craft-repair, White, Male,2407,40, United-States, <=50K
24, Private, Some-college, Married-civ-spouse, Craft-repair, White, Male,2407,40, United-States, <=50K
35, Private, Some-college, Married-civ-spouse, Craft-repair, White, Male,2407,40, United-States, <=50K
68, Self-emp-not-inc, HS-grad, Married-civ-spouse, Farming-fishing, White, Male,2414,40, United-States, <=50K
24, Private, 11th, Never-married, Farming-fishing, White, Male,2463,40, United-States, <=50K
23, Private, HS-grad, Never-married, Sales, White, Female,2463,40, United-States, <=50K
34, Private, HS-grad, Separated, Handlers-cleaners, White, Male,2463,40, United-States, <=50K
48, Private, HS-grad, Never-married, Adm-clerical, White, Female,2463,40, United-States, <=50K
36, Private, Some-college, Never-married, Adm-clerical, White, Male,2463,40, United-States, <=50K
69, Private, HS-grad, Widowed, Machine-op-inspct, White, Male,2538,40, United-States, <=50K
55, Private, 10th, Married-civ-spouse, Other-service, Black, Male,2580,40, United-States, <=50K
24, Private, 7th-8th, Married-civ-spouse, Sales, White, Male,2580,40, United-States, <=50K
22, Self-emp-inc, 7th-8th, Married-civ-spouse, Craft-repair, White, Male,2580,40, United-States, <=50K
30, Private, 9th, Married-civ-spouse, Craft-repair, White, Male,2580,40, United-States, <=50K
28, Private, HS-grad, Married-civ-spouse, Machine-op-inspct, White, Male,2580,40, United-States, <=50K
40, Private, Some-college, Married-civ-spouse, Machine-op-inspct, White, Male,2580,40, United-States, <=50K
40, Private, Some-college, Married-civ-spouse, Machine-op-inspct, White, Male,2580,40, United-States, <=50K
49, Private, Assoc-acdm, Separated, Adm-clerical, White, Female,2597,40, United-States, <=50K
19, Private, HS-grad, Never-married, Handlers-cleaners, White, Male,2597,40, United-States, <=50K
22, Private, HS-grad, Never-married, Sales, White, Female,2597,40, United-States, <=50K
23, Private, HS-grad, Never-married, Craft-repair, Black, Male,2597,40, United-States, <=50K
24, Private, HS-grad, Never-married, Adm-clerical, White, Female,2597,40, United-States, <=50K
25, Private, HS-grad, Divorced, Other-service, White, Male,2597,40, United-States, <=50K
26, Private, HS-grad, Never-married, Craft-repair, White, Male,2597,40, United-States, >=50K
53, Private, HS-grad, Divorced, Sales, White, Female,2597,40, United-States, <=50K
60, Private, HS-grad, Divorced, Tech-support, White, Female,2597,40, United-States, <=50K
26, Private, Some-college, Never-married, Adm-clerical, White, Male,2597,40, United-States, <=50K
39, Private, 10th, Married-civ-spouse, Machine-op-inspct, White, Male,2635,40, United-States, <=50K
37, Self-emp-not-inc, 10th, Married-civ-spouse, Other-service, White, Female,2635,40, United-States, <=50K
29, Local-gov, HS-grad, Married-civ-spouse, Other-service, White, Female,2635,40, United-States, <=50K
64, Private, HS-grad, Married-civ-spouse, Craft-repair, White, Male,2635,40, United-States, <=50K
90, Local-gov, 7th-8th, Married-civ-spouse, Protective-serv, White, Male,2653,40, United-States, <=50K
70, Private, 9th, Married-civ-spouse, Machine-op-inspct, White, Female,2653,40, United-States, <=50K
45, Private, 10th, Married-civ-spouse, Craft-repair, White, Male,2829,40, United-States, <=50K
62, Local-gov, 7th-8th, Married-civ-spouse, Craft-repair, White, Male,2829,40, United-States, <=50K
30, Private, 7th-8th, Married-civ-spouse, Craft-repair, White, Male,2829,40, United-States, <=50K
36, Private, Assoc-acdm, Married-civ-spouse, Machine-op-inspct, White, Male,2829,40, United-States, <=50K
40, Private, Assoc-voc, Married-civ-spouse, Transport-moving, White, Male,2829,40, United-States, <=50K
28, Private, HS-grad, Married-civ-spouse, Craft-repair, Black, Male,2829,40, United-States, <=50K
29, Private, HS-grad, Married-civ-spouse, Adm-clerical, White, Female,2829,40, United-States, <=50K
31, Private, HS-grad, Married-civ-spouse, Sales, White, Male,2829,40, United-States, <=50K
32, Private, HS-grad, Married-civ-spouse, Handlers-cleaners, White, Male,2829,40, United-States, <=50K
39, Private, HS-grad, Married-civ-spouse, Machine-op-inspct, White, Male,2829,40, United-States, <=50K
40, Private, HS-grad, Married-civ-spouse, Adm-clerical, White, Male,2829,40, United-States, <=50K
41, Private, HS-grad, Married-civ-spouse, Sales, White, Male,2829,40, United-States, <=50K
53, Private, HS-grad, Married-civ-spouse, Machine-op-inspct, White, Male,2829,40, United-States, <=50K
26, Private, Some-college, Married-civ-spouse, Craft-repair, White, Male,2829,40, United-States, <=50K
27, Private, Some-college, Married-civ-spouse, Adm-clerical, White, Male,2829,40, United-States, >=50K
41, Private, Some-college, Married-civ-spouse, Adm-clerical, White, Male,2829,40, United-States, <=50K
61, Local-gov, 7th-8th, Married-civ-spouse, Adm-clerical, White, Male,2885,40, United-States, <=50K
50, Private, 9th, Married-civ-spouse, Craft-repair, White, Male,2885,40, United-States, <=50K
42, Self-emp-not-inc, Assoc-voc, Married-civ-spouse, Craft-repair, Asian-Pac-Islander, Male,2885,40, United-States, <=50K
26, Private, HS-grad, Married-civ-spouse, Sales, White, Male,2885,40, United-States, <=50K
27, Private, HS-grad, Married-civ-spouse, Craft-repair, White, Male,2885,40, United-States, <=50K
28, Private, HS-grad, Married-civ-spouse, Machine-op-inspct, White, Male,2885,40, United-States, <=50K
35, Private, HS-grad, Married-civ-spouse, Transport-moving, White, Male,2885,40, United-States, <=50K
35, Private, HS-grad, Married-civ-spouse, Machine-op-inspct, White, Male,2885,40, United-States, <=50K
41, Private, HS-grad, Married-civ-spouse, Machine-op-inspct, White, Male,2885,40, United-States, <=50K
36, Self-emp-not-inc, HS-grad, Married-civ-spouse, Craft-repair, White, Male,2885,40, United-States, <=50K
26, Private, 10th, Never-married, Adm-clerical, White, Female,2907,40, United-States, <=50K
25, Private, 9th, Never-married, Handlers-cleaners, Black, Male,2907,40, United-States, <=50K
23, Private, Bachelors, Never-married, Protective-serv, White, Female,2907,40, United-States, <=50K
22, Private, HS-grad, Never-married, Craft-repair, White, Male,2907,40, United-States, <=50K
59, Private, Some-college, Divorced, Craft-repair, White, Male,2907,40, United-States, <=50K
51, Private, 7th-8th, Married-civ-spouse, Craft-repair, White, Male,2961,40, United-States, <=50K
69, Private, 7th-8th, Divorced, Machine-op-inspct, Black, Female,2964,40, United-States, <=50K
78, Private, HS-grad, Widowed, Other-service, Black, Female,2964,40, United-States, <=50K
40, Private, Bachelors, Never-married, Adm-clerical, Black, Female,2977,40, United-States, <=50K
42, State-gov, Bachelors, Divorced, Adm-clerical, Black, Female,2977,40, United-States, <=50K
39, Private, HS-grad, Divorced, Machine-op-inspct, White, Male,2977,40, United-States, <=50K
69, Private, 9th, Never-married, Craft-repair, White, Male,2993,40, United-States, <=50K
18, Private, HS-grad, Married-civ-spouse, Priv-house-serv, White, Female,3103,40, United-States, <=50K
37, Private, 9th, Married-civ-spouse, Other-service, White, Male,3137,40, United-States, <=50K
28, Private, Assoc-voc, Married-civ-spouse, Other-service, White, Female,3137,40, United-States, <=50K
47, Local-gov, Bachelors, Married-civ-spouse, Prof-specialty, White, Male,3137,40, United-States, >=50K
42, Private, Bachelors, Married-civ-spouse, Exec-managerial, White, Male,3137,40, United-States, <=50K
40, Local-gov, HS-grad, Married-civ-spouse, Other-service, White, Male,3137,40, United-States, <=50K
64, Local-gov, HS-grad, Married-civ-spouse, Craft-repair, White, Male,3137,40, United-States, <=50K
35, Private, HS-grad, Married-civ-spouse, Craft-repair, White, Male,3137,40, United-States, <=50K
37, Private, HS-grad, Married-civ-spouse, Craft-repair, White, Male,3137,40, United-States, <=50K
51, Private, HS-grad, Married-civ-spouse, Machine-op-inspct, Black, Male,3137,40, United-States, <=50K
36, Self-emp-not-inc, HS-grad, Married-civ-spouse, Prof-specialty, White, Female,3137,40, United-States, <=50K
25, Private, Some-college, Married-civ-spouse, Protective-serv, White, Male,3137,40, United-States, <=50K
41, Private, Some-college, Married-civ-spouse, Tech-support, Black, Male,3137,40, United-States, <=50K
53, Private, Some-college, Married-civ-spouse, Machine-op-inspct, White, Male,3137,40, United-States, <=50K
45, Self-emp-not-inc, Some-college, Married-civ-spouse, Exec-managerial, Amer-Indian-Eskimo, Male,3137,40, United-States, <=50K
46, Self-emp-not-inc, Some-college, Married-civ-spouse, Exec-managerial, White, Male,3137,40, United-States, <=50K
57, Self-emp-not-inc, Some-college, Married-civ-spouse, Craft-repair, White, Male,3137,40, United-States, <=50K
66, Federal-gov, Assoc-voc, Widowed, Other-service, Black, Female,3273,40, United-States, <=50K
66, Local-gov, Doctorate, Divorced, Prof-specialty, White, Female,3273,40, United-States, <=50K
68, Private, Masters, Never-married, Prof-specialty, White, Female,3273,40, United-States, <=50K
73, Federal-gov, Some-college, Widowed, Tech-support, White, Female,3273,40, United-States, <=50K
27, Private, Assoc-acdm, Never-married, Exec-managerial, White, Male,3325,40, United-States, <=50K
40, Private, Assoc-voc, Divorced, Tech-support, White, Male,3325,40, United-States, <=50K
41, Private, Assoc-voc, Divorced, Tech-support, White, Female,3325,40, United-States, <=50K
23, Private, Bachelors, Never-married, Tech-support, White, Female,3325,40, United-States, <=50K
25, Private, Bachelors, Never-married, Sales, White, Male,3325,40, United-States, <=50K
25, Private, Bachelors, Never-married, Exec-managerial, White, Female,3325,40, United-States, <=50K
26, Private, Bachelors, Never-married, Craft-repair, White, Male,3325,40, United-States, <=50K
38, Private, Bachelors, Divorced, Exec-managerial, White, Male,3325,40, United-States, <=50K
43, Private, Bachelors, Married-spouse-absent, Prof-specialty, White, Male,3325,40, United-States, <=50K
44, Self-emp-not-inc, Bachelors, Divorced, Exec-managerial, White, Female,3325,40, United-States, >=50K
45, Federal-gov, HS-grad, Never-married, Transport-moving, Black, Male,3325,40, United-States, <=50K
26, Private, HS-grad, Never-married, Craft-repair, White, Male,3325,40, United-States, <=50K
27, Private, HS-grad, Never-married, Craft-repair, Black, Male,3325,40, United-States, <=50K
31, Private, HS-grad, Never-married, Exec-managerial, White, Male,3325,40, United-States, <=50K
42, Private, HS-grad, Never-married, Craft-repair, White, Male,3325,40, United-States, <=50K
45, Private, HS-grad, Never-married, Adm-clerical, White, Male,3325,40, United-States, <=50K
52, Private, HS-grad, Divorced, Craft-repair, White, Male,3325,40, United-States, <=50K
40, Private, Masters, Never-married, Prof-specialty, White, Female,3325,40, United-States, <=50K
51, Local-gov, Prof-school, Never-married, Prof-specialty, White, Male,3325,40, United-States, <=50K
26, Federal-gov, Some-college, Never-married, Craft-repair, White, Male,3325,40, United-States, <=50K
42, Local-gov, Some-college, Divorced, Tech-support, White, Female,3325,40, United-States, <=50K
22, Private, Some-college, Never-married, Other-service, White, Male,3325,40, United-States, <=50K
48, Private, Some-college, Divorced, Craft-repair, White, Male,3325,40, United-States, <=50K
51, Private, Some-college, Widowed, Prof-specialty, White, Female,3325,40, United-States, <=50K
59, Private, Some-college, Separated, Adm-clerical, White, Male,3325,40, United-States, <=50K
26, Private, 11th, Married-civ-spouse, Exec-managerial, White, Male,3411,40, United-States, <=50K
50, Private, 7th-8th, Married-civ-spouse, Craft-repair, White, Male,3411,40, United-States, <=50K
44, Private, Assoc-voc, Married-civ-spouse, Craft-repair, White, Male,3411,40, United-States, <=50K
28, Private, HS-grad, Married-civ-spouse, Craft-repair, White, Male,3411,40, United-States, <=50K
30, Private, HS-grad, Married-civ-spouse, Craft-repair, Asian-Pac-Islander, Male,3411,40, United-States, <=50K
33, Private, HS-grad, Married-civ-spouse, Craft-repair, White, Male,3411,40, United-States, <=50K
40, Self-emp-not-inc, HS-grad, Married-civ-spouse, Craft-repair, White, Male,3411,40, United-States, <=50K
27, State-gov, Some-college, Married-civ-spouse, Transport-moving, White, Male,3411,40, United-States, <=50K
44, State-gov, Some-college, Married-civ-spouse, Exec-managerial, White, Male,3411,40, United-States, <=50K
29, Private, Assoc-acdm, Divorced, Sales, White, Female,3418,40, United-States, <=50K
70, Private, HS-grad, Married-civ-spouse, Sales, White, Male,3432,40, United-States, <=50K
75, Self-emp-not-inc, HS-grad, Married-civ-spouse, Farming-fishing, White, Male,3456,40, United-States, >=50K
36, Private, 10th, Married-civ-spouse, Machine-op-inspct, White, Female,3464,40, United-States, <=50K
39, Private, Bachelors, Married-civ-spouse, Sales, White, Male,3464,40, United-States, <=50K
55, Private, Bachelors, Married-civ-spouse, Adm-clerical, White, Female,3464,40, United-States, <=50K
27, Private, HS-grad, Married-civ-spouse, Sales, White, Female,3464,40, United-States, <=50K
46, Private, HS-grad, Married-civ-spouse, Craft-repair, White, Male,3464,40, United-States, <=50K
54, Private, HS-grad, Married-civ-spouse, Sales, White, Male,3464,40, United-States, <=50K
29, Self-emp-not-inc, HS-grad, Married-civ-spouse, Farming-fishing, White, Male,3464,40, United-States, <=50K
38, State-gov, HS-grad, Married-civ-spouse, Adm-clerical, White, Male,3464,40, United-States, <=50K
41, State-gov, HS-grad, Married-civ-spouse, Adm-clerical, White, Male,3464,40, United-States, <=50K
32, Private, Some-college, Married-civ-spouse, Exec-managerial, White, Male,3464,40, United-States, <=50K
32, Private, Some-college, Married-civ-spouse, Machine-op-inspct, White, Male,3464,40, United-States, <=50K
37, Private, Some-college, Married-civ-spouse, Machine-op-inspct, White, Male,3464,40, United-States, <=50K
66, Federal-gov, 10th, Married-civ-spouse, Craft-repair, White, Male,3471,40, United-States, <=50K
37, Private, Assoc-voc, Married-civ-spouse, Adm-clerical, White, Male,3471,40, United-States, <=50K
64, Local-gov, HS-grad, Married-civ-spouse, Handlers-cleaners, White, Male,3471,40, United-States, <=50K
61, Private, HS-grad, Married-civ-spouse, Machine-op-inspct, White, Male,3471,40, United-States, <=50K
63, Private, HS-grad, Married-civ-spouse, Adm-clerical, White, Female,3471,40, United-States, <=50K
50, Federal-gov, 11th, Never-married, Sales, Black, Female,3674,40, United-States, <=50K
35, Private, 11th, Separated, Transport-moving, Black, Male,3674,40, United-States, <=50K
29, Local-gov, Assoc-acdm, Never-married, Adm-clerical, White, Male,3674,40, United-States, <=50K
24, Private, Bachelors, Never-married, Tech-support, White, Female,3674,40, United-States, <=50K
36, Private, Bachelors, Divorced, Adm-clerical, White, Female,3674,40, United-States, <=50K
23, Private, Some-college, Never-married, Adm-clerical, White, Female,3674,40, United-States, <=50K
58, Private, 9th, Married-civ-spouse, Machine-op-inspct, Black, Male,3781,40, United-States, <=50K
50, Self-emp-not-inc, Doctorate, Married-civ-spouse, Prof-specialty, White, Male,3781,40, United-States, <=50K
32, Private, HS-grad, Married-civ-spouse, Craft-repair, White, Male,3781,40, United-States, <=50K
33, Private, HS-grad, Married-civ-spouse, Handlers-cleaners, White, Male,3781,40, United-States, <=50K
65, Private, Assoc-acdm, Married-civ-spouse, Exec-managerial, White, Male,3818,40, United-States, <=50K
68, Private, HS-grad, Married-civ-spouse, Adm-clerical, White, Male,3818,40, United-States, <=50K
32, Private, HS-grad, Divorced, Adm-clerical, White, Male,3887,40, United-States, >=50K
28, Federal-gov, Some-college, Never-married, Adm-clerical, Black, Female,3887,40, United-States, <=50K
32, Private, Some-college, Separated, Tech-support, Black, Female,3887,40, United-States, <=50K
32, State-gov, Some-college, Never-married, Protective-serv, Black, Female,3887,40, United-States, <=50K
21, Private, 10th, Married-civ-spouse, Other-service, White, Male,3908,40, United-States, <=50K
45, Federal-gov, Assoc-voc, Married-civ-spouse, Protective-serv, White, Male,3908,40, United-States, <=50K
58, Private, Assoc-voc, Married-civ-spouse, Exec-managerial, White, Male,3908,40, United-States, <=50K
24, Private, Bachelors, Married-civ-spouse, Prof-specialty, White, Male,3908,40, United-States, <=50K
28, Local-gov, HS-grad, Married-civ-spouse, Protective-serv, White, Male,3908,40, United-States, <=50K
58, Local-gov, HS-grad, Married-civ-spouse, Protective-serv, White, Male,3908,40, United-States, <=50K
23, Private, HS-grad, Married-civ-spouse, Adm-clerical, White, Female,3908,40, United-States, <=50K
31, Private, HS-grad, Married-civ-spouse, Sales, White, Male,3908,40, United-States, <=50K
32, Private, HS-grad, Married-civ-spouse, Handlers-cleaners, Black, Female,3908,40, United-States, <=50K
33, Private, HS-grad, Married-civ-spouse, Transport-moving, White, Male,3908,40, United-States, <=50K
43, Private, HS-grad, Married-civ-spouse, Handlers-cleaners, White, Male,3908,40, United-States, <=50K
51, State-gov, HS-grad, Married-civ-spouse, Adm-clerical, White, Female,3908,40, United-States, <=50K
32, Private, Prof-school, Married-civ-spouse, Prof-specialty, White, Male,3908,40, United-States, <=50K
33, Local-gov, Some-college, Married-civ-spouse, Protective-serv, White, Male,3908,40, United-States, <=50K
27, Private, Some-college, Married-civ-spouse, Tech-support, White, Male,3908,40, United-States, <=50K
31, Private, Some-college, Married-civ-spouse, Prof-specialty, White, Female,3908,40, United-States, <=50K
42, Private, Some-college, Married-civ-spouse, Machine-op-inspct, White, Male,3908,40, United-States, <=50K
51, Private, Some-college, Married-civ-spouse, Transport-moving, White, Male,3908,40, United-States, <=50K
59, Private, 10th, Married-civ-spouse, Handlers-cleaners, White, Male,3942,40, United-States, <=50K
27, Private, 11th, Married-civ-spouse, Handlers-cleaners, White, Male,3942,40, United-States, <=50K
38, Private, 12th, Married-civ-spouse, Other-service, White, Male,3942,40, United-States, <=50K
50, Private, Assoc-acdm, Married-civ-spouse, Sales, White, Female,3942,40, United-States, <=50K
23, Private, HS-grad, Married-civ-spouse, Machine-op-inspct, White, Female,3942,40, United-States, >=50K
45, Private, HS-grad, Married-civ-spouse, Other-service, White, Male,3942,40, United-States, <=50K
41, Local-gov, Some-college, Married-civ-spouse, Transport-moving, White, Male,3942,40, United-States, <=50K
41, Private, Some-college, Married-civ-spouse, Sales, White, Male,3942,40, United-States, <=50K
40, Private, 7th-8th, Married-civ-spouse, Sales, White, Male,4064,40, United-States, <=50K
30, Private, Assoc-voc, Married-civ-spouse, Sales, White, Male,4064,40, United-States, <=50K
47, Private, Assoc-voc, Married-civ-spouse, Adm-clerical, White, Male,4064,40, United-States, <=50K
38, Federal-gov, Bachelors, Married-civ-spouse, Prof-specialty, White, Male,4064,40, United-States, <=50K
61, Local-gov, Doctorate, Married-civ-spouse, Exec-managerial, White, Male,4064,40, United-States, <=50K
36, Private, HS-grad, Married-civ-spouse, Craft-repair, White, Male,4064,40, United-States, <=50K
42, Private, HS-grad, Married-civ-spouse, Sales, White, Male,4064,40, United-States, <=50K
45, Private, HS-grad, Married-civ-spouse, Transport-moving, Other, Male,4064,40, United-States, <=50K
46, Private, HS-grad, Married-civ-spouse, Craft-repair, Black, Male,4064,40, United-States, <=50K
55, Private, HS-grad, Married-civ-spouse, Sales, White, Male,4064,40, United-States, <=50K
63, Private, HS-grad, Married-civ-spouse, Sales, White, Male,4064,40, United-States, <=50K
32, Self-emp-not-inc, HS-grad, Married-civ-spouse, Farming-fishing, White, Male,4064,40, United-States, <=50K
38, Self-emp-not-inc, HS-grad, Married-civ-spouse, Craft-repair, White, Male,4064,40, United-States, <=50K
33, Federal-gov, Some-college, Married-civ-spouse, Tech-support, White, Female,4064,40, United-States, <=50K
34, Private, Some-college, Married-civ-spouse, Transport-moving, White, Male,4064,40, United-States, <=50K
35, Private, Some-college, Married-civ-spouse, Sales, White, Male,4064,40, United-States, <=50K
59, Private, Some-college, Married-civ-spouse, Sales, White, Male,4064,40, United-States, <=50K
54, State-gov, 12th, Never-married, Other-service, White, Male,4101,40, United-States, <=50K
56, Private, Assoc-acdm, Divorced, Adm-clerical, White, Female,4101,40, United-States, <=50K
27, State-gov, Bachelors, Never-married, Prof-specialty, White, Female,4101,40, United-States, <=50K
21, Private, HS-grad, Never-married, Sales, White, Female,4101,40, United-States, <=50K
31, Private, HS-grad, Never-married, Craft-repair, White, Male,4101,40, United-States, <=50K
36, Private, HS-grad, Divorced, Machine-op-inspct, White, Male,4101,40, United-States, <=50K
43, Private, HS-grad, Separated, Other-service, White, Female,4101,40, United-States, >=50K
56, Private, HS-grad, Divorced, Prof-specialty, White, Female,4101,40, United-States, <=50K
21, Private, Some-college, Never-married, Exec-managerial, White, Female,4101,40, United-States, <=50K
23, Private, Some-college, Never-married, Tech-support, White, Female,4101,40, United-States, <=50K
23, Private, Some-college, Never-married, Transport-moving, White, Male,4101,40, United-States, <=50K
40, Private, Assoc-voc, Married-civ-spouse, Tech-support, White, Male,4386,40, United-States, <=50K
45, Private, Masters, Married-civ-spouse, Exec-managerial, White, Male,4386,40, United-States, <=50K
25, Private, HS-grad, Never-married, Machine-op-inspct, White, Male,4416,40, United-States, <=50K
27, Private, HS-grad, Never-married, Adm-clerical, White, Male,4416,40, United-States, <=50K
33, Private, HS-grad, Never-married, Handlers-cleaners, White, Male,4416,40, United-States, <=50K
22, Without-pay, HS-grad, Never-married, Handlers-cleaners, White, Male,4416,40, United-States, <=50K
28, Private, 9th, Married-civ-spouse, Sales, White, Male,4508,40, United-States, <=50K
38, Private, Bachelors, Married-civ-spouse, Transport-moving, White, Male,4508,40, United-States, <=50K
56, Private, Bachelors, Married-civ-spouse, Exec-managerial, White, Male,4508,40, United-States, <=50K
22, Private, HS-grad, Married-civ-spouse, Priv-house-serv, White, Female,4508,40, United-States, <=50K
32, Federal-gov, Assoc-voc, Never-married, Tech-support, Black, Male,4650,40, United-States, <=50K
37, Local-gov, Assoc-voc, Never-married, Protective-serv, White, Male,4650,40, United-States, <=50K
28, Private, Assoc-voc, Never-married, Prof-specialty, White, Female,4650,40, United-States, <=50K
29, Private, Bachelors, Never-married, Prof-specialty, White, Male,4650,40, United-States, <=50K
35, Private, Bachelors, Never-married, Tech-support, Asian-Pac-Islander, Female,4650,40, United-States, <=50K
40, Private, Bachelors, Never-married, Prof-specialty, White, Male,4650,40, United-States, <=50K
39, Private, HS-grad, Divorced, Prof-specialty, White, Female,4650,40, United-States, <=50K
43, Private, HS-grad, Never-married, Prof-specialty, White, Male,4650,40, United-States, <=50K
47, Private, HS-grad, Divorced, Machine-op-inspct, White, Male,4650,40, United-States, <=50K
60, Private, HS-grad, Divorced, Machine-op-inspct, White, Male,4650,40, United-States, >=50K
30, Self-emp-inc, HS-grad, Divorced, Exec-managerial, White, Male,4650,40, United-States, <=50K
49, Local-gov, Masters, Never-married, Prof-specialty, White, Female,4650,40, United-States, <=50K
42, Private, Masters, Divorced, Prof-specialty, White, Male,4650,40, United-States, <=50K
42, Private, Masters, Never-married, Exec-managerial, White, Female,4650,40, United-States, <=50K
62, Private, Masters, Never-married, Handlers-cleaners, White, Male,4650,40, United-States, <=50K
41, Federal-gov, Some-college, Married-spouse-absent, Adm-clerical, Black, Male,4650,40, United-States, <=50K
23, Private, Some-college, Never-married, Other-service, White, Female,4650,40, United-States, <=50K
31, Private, Some-college, Divorced, Craft-repair, White, Male,4650,40, United-States, <=50K
41, Private, Some-college, Divorced, Exec-managerial, White, Male,4650,40, United-States, <=50K
45, Private, Some-college, Divorced, Sales, White, Male,4650,40, United-States, <=50K
53, State-gov, Some-college, Divorced, Adm-clerical, White, Female,4650,40, United-States, <=50K
59, Private, 7th-8th, Never-married, Farming-fishing, White, Male,4865,40, United-States, <=50K
25, Private, Assoc-voc, Never-married, Adm-clerical, White, Female,4865,40, United-States, <=50K
30, Private, Bachelors, Never-married, Transport-moving, White, Male,4865,40, United-States, <=50K
45, Federal-gov, HS-grad, Divorced, Tech-support, White, Female,4865,40, United-States, <=50K
34, Private, HS-grad, Never-married, Adm-clerical, White, Female,4865,40, United-States, <=50K
36, Private, HS-grad, Never-married, Adm-clerical, White, Female,4865,40, United-States, <=50K
32, Local-gov, Masters, Never-married, Prof-specialty, White, Female,4865,40, United-States, <=50K
28, Private, Some-college, Never-married, Tech-support, White, Female,4865,40, United-States, <=50K
52, Local-gov, 10th, Married-civ-spouse, Craft-repair, White, Male,5013,40, United-States, <=50K
29, Private, 10th, Married-civ-spouse, Craft-repair, White, Male,5013,40, United-States, <=50K
47, Private, Assoc-voc, Married-civ-spouse, Craft-repair, White, Male,5013,40, United-States, <=50K
49, Private, Assoc-voc, Married-civ-spouse, Craft-repair, White, Male,5013,40, United-States, <=50K
51, Private, Assoc-voc, Married-civ-spouse, Craft-repair, White, Male,5013,40, United-States, <=50K
52, Private, Assoc-voc, Married-civ-spouse, Tech-support, White, Male,5013,40, United-States, <=50K
35, Private, Bachelors, Married-civ-spouse, Prof-specialty, White, Male,5013,40, United-States, <=50K
42, Private, Bachelors, Married-civ-spouse, Prof-specialty, White, Male,5013,40, United-States, >=50K
59, Private, Bachelors, Married-civ-spouse, Prof-specialty, White, Male,5013,40, United-States, <=50K
44, State-gov, Bachelors, Married-civ-spouse, Adm-clerical, White, Male,5013,40, United-States, <=50K
26, Private, HS-grad, Married-civ-spouse, Exec-managerial, White, Female,5013,40, United-States, <=50K
30, Private, HS-grad, Married-civ-spouse, Machine-op-inspct, White, Male,5013,40, United-States, <=50K
30, Private, HS-grad, Married-civ-spouse, Craft-repair, White, Male,5013,40, United-States, <=50K
30, Private, HS-grad, Married-civ-spouse, Transport-moving, White, Male,5013,40, United-States, <=50K
31, Private, HS-grad, Married-civ-spouse, Machine-op-inspct, White, Male,5013,40, United-States, <=50K
31, Private, HS-grad, Married-civ-spouse, Handlers-cleaners, White, Male,5013,40, United-States, <=50K
33, Private, HS-grad, Married-civ-spouse, Exec-managerial, White, Male,5013,40, United-States, <=50K
35, Private, HS-grad, Married-civ-spouse, Handlers-cleaners, White, Male,5013,40, United-States, <=50K
39, Private, HS-grad, Married-civ-spouse, Other-service, White, Female,5013,40, United-States, <=50K
45, Private, HS-grad, Married-civ-spouse, Craft-repair, White, Male,5013,40, United-States, <=50K
47, Private, HS-grad, Married-civ-spouse, Other-service, Black, Female,5013,40, United-States, <=50K
49, Private, HS-grad, Married-civ-spouse, Sales, White, Male,5013,40, United-States, <=50K
54, Private, HS-grad, Married-civ-spouse, Transport-moving, Black, Male,5013,40, United-States, <=50K
56, Private, HS-grad, Married-civ-spouse, Craft-repair, White, Male,5013,40, United-States, <=50K
60, Private, HS-grad, Married-civ-spouse, Prof-specialty, White, Male,5013,40, United-States, <=50K
52, State-gov, HS-grad, Married-civ-spouse, Craft-repair, White, Male,5013,40, United-States, <=50K
52, Federal-gov, Masters, Married-civ-spouse, Exec-managerial, White, Male,5013,40, United-States, <=50K
26, Private, Masters, Married-civ-spouse, Prof-specialty, White, Male,5013,40, United-States, <=50K
63, Private, Masters, Married-civ-spouse, Tech-support, White, Male,5013,40, United-States, <=50K
29, Private, Some-college, Married-civ-spouse, Craft-repair, White, Male,5013,40, United-States, <=50K
35, Private, Some-college, Married-civ-spouse, Craft-repair, White, Male,5013,40, United-States, <=50K
37, Private, Some-college, Married-civ-spouse, Tech-support, White, Female,5013,40, United-States, <=50K
43, Private, Some-college, Married-civ-spouse, Adm-clerical, White, Male,5013,40, United-States, <=50K
46, Private, Some-college, Married-civ-spouse, Other-service, White, Female,5013,40, United-States, <=50K
52, Private, Some-college, Married-civ-spouse, Craft-repair, White, Male,5013,40, United-States, >=50K
45, Self-emp-not-inc, Some-college, Married-civ-spouse, Sales, White, Male,5013,40, United-States, <=50K
37, State-gov, Assoc-voc, Never-married, Prof-specialty, Black, Female,5455,40, United-States, <=50K
40, Local-gov, Bachelors, Divorced, Prof-specialty, White, Female,5455,40, United-States, <=50K
39, Private, HS-grad, Divorced, Other-service, Black, Female,5455,40, United-States, <=50K
45, Private, HS-grad, Divorced, Sales, Black, Male,5455,40, United-States, <=50K
28, Local-gov, HS-grad, Separated, Adm-clerical, White, Female,5721,40, United-States, <=50K
26, Private, HS-grad, Never-married, Machine-op-inspct, White, Male,5721,40, United-States, <=50K
72, Private, HS-grad, Widowed, Adm-clerical, White, Female,6360,40, United-States, <=50K
57, Private, 5th-6th, Divorced, Transport-moving, White, Male,6497,40, United-States, <=50K
46, Private, Assoc-acdm, Widowed, Tech-support, White, Female,6497,40, United-States, <=50K
41, Private, Bachelors, Divorced, Transport-moving, Black, Male,6497,40, United-States, <=50K
47, Private, Bachelors, Widowed, Craft-repair, Black, Female,6497,40, United-States, <=50K
65, Private, Bachelors, Divorced, Prof-specialty, White, Male,6723,40, United-States, <=50K
90, Local-gov, HS-grad, Married-civ-spouse, Other-service, White, Male,6767,40, United-States, <=50K
35, Private, 11th, Never-married, Craft-repair, White, Male,6849,40, United-States, <=50K
47, Private, 11th, Never-married, Machine-op-inspct, Black, Female,6849,40, United-States, <=50K
35, Private, Assoc-voc, Divorced, Adm-clerical, White, Female,6849,40, United-States, <=50K
55, State-gov, Assoc-voc, Widowed, Prof-specialty, White, Female,6849,40, United-States, <=50K
28, State-gov, Bachelors, Never-married, Prof-specialty, White, Male,6849,40, United-States, <=50K
50, State-gov, Bachelors, Married-spouse-absent, Prof-specialty, White, Male,6849,40, United-States, <=50K
25, Private, HS-grad, Never-married, Sales, Amer-Indian-Eskimo, Male,6849,40, United-States, <=50K
35, Private, HS-grad, Never-married, Adm-clerical, White, Female,6849,40, United-States, <=50K
39, Private, HS-grad, Divorced, Other-service, Amer-Indian-Eskimo, Female,6849,40, United-States, <=50K
53, Private, HS-grad, Widowed, Machine-op-inspct, White, Male,6849,40, United-States, >=50K
39, Private, Masters, Never-married, Prof-specialty, White, Male,6849,40, United-States, <=50K
40, Local-gov, Some-college, Divorced, Transport-moving, White, Male,6849,40, United-States, <=50K
59, Self-emp-not-inc, Some-college, Widowed, Farming-fishing, White, Female,6849,40, United-States, <=50K
41, Private, HS-grad, Divorced, Transport-moving, White, Male,7443,40, United-States, <=50K
35, Private, Some-college, Divorced, Prof-specialty, White, Female,7443,40, United-States, <=50K
38, Private, Some-college, Divorced, Adm-clerical, White, Female,7443,40, United-States, <=50K
67, Private, 7th-8th, Married-civ-spouse, Transport-moving, Black, Male,10566,40, United-States, <=50K
62, Self-emp-not-inc, HS-grad, Married-civ-spouse, Craft-repair, White, Male,10566,40, United-States, <=50K
70, Self-emp-inc, Some-college, Married-civ-spouse, Sales, White, Male,10566,40, United-States, <=50K
61, Self-emp-not-inc, HS-grad, Married-civ-spouse, Farming-fishing, White, Female,22040,40, United-States, <=50K
41, Private, HS-grad, Never-married, Machine-op-inspct, White, Male,2174,41, United-States, <=50K
45, Self-emp-not-inc, Some-college, Married-civ-spouse, Other-service, White, Male,3103,42, United-States, <=50K
52, Local-gov, Some-college, Married-civ-spouse, Protective-serv, White, Male,3137,42, United-States, <=50K
46, State-gov, Assoc-voc, Divorced, Tech-support, White, Female,3325,42, United-States, <=50K
60, Private, Some-college, Divorced, Prof-specialty, White, Male,3325,42, United-States, <=50K
25, Private, HS-grad, Never-married, Sales, White, Male,4416,42, United-States, <=50K
25, Private, Some-college, Married-civ-spouse, Sales, White, Male,2885,43, United-States, <=50K
27, Local-gov, Bachelors, Never-married, Prof-specialty, Amer-Indian-Eskimo, Female,3325,43, United-States, >=50K
40, Private, HS-grad, Never-married, Exec-managerial, Amer-Indian-Eskimo, Male,6849,43, United-States, <=50K
65, Local-gov, 12th, Widowed, Exec-managerial, White, Male,2009,44, United-States, <=50K
39, Local-gov, Some-college, Never-married, Adm-clerical, White, Female,2202,44, United-States, <=50K
49, Private, Bachelors, Married-civ-spouse, Sales, White, Male,4064,44, United-States, <=50K
39, Private, HS-grad, Never-married, Tech-support, White, Male,4650,44, United-States, <=50K
38, Private, Some-college, Divorced, Adm-clerical, White, Female,5721,44, United-States, <=50K
39, Private, Some-college, Divorced, Adm-clerical, White, Female,114,45, United-States, <=50K
45, Local-gov, Masters, Divorced, Prof-specialty, White, Female,1506,45, United-States, <=50K
44, Private, Some-college, Married-spouse-absent, Craft-repair, White, Female,1506,45, United-States, <=50K
51, Private, 10th, Married-civ-spouse, Handlers-cleaners, White, Male,2105,45, United-States, <=50K
29, Private, Assoc-voc, Divorced, Tech-support, White, Female,2174,45, United-States, <=50K
24, Private, Bachelors, Never-married, Exec-managerial, White, Male,2174,45, United-States, <=50K
39, Private, Some-college, Never-married, Adm-clerical, White, Female,2174,45, United-States, <=50K
41, Private, Some-college, Divorced, Sales, White, Male,2174,45, United-States, <=50K
43, Private, Some-college, Never-married, Other-service, White, Male,2174,45, United-States, <=50K
19, Private, HS-grad, Never-married, Transport-moving, White, Male,2176,45, United-States, <=50K
38, Private, Bachelors, Never-married, Exec-managerial, White, Male,2202,45, United-States, <=50K
44, Self-emp-inc, Some-college, Never-married, Exec-managerial, Black, Male,2202,45, United-States, <=50K
25, Private, Assoc-acdm, Never-married, Farming-fishing, White, Male,2354,45, United-States, <=50K
27, Private, HS-grad, Married-civ-spouse, Adm-clerical, White, Male,2580,45, United-States, <=50K
21, Private, Some-college, Never-married, Adm-clerical, White, Male,2597,45, United-States, <=50K
61, Self-emp-inc, HS-grad, Married-civ-spouse, Exec-managerial, White, Male,2829,45, United-States, <=50K
35, Self-emp-not-inc, HS-grad, Married-civ-spouse, Craft-repair, White, Male,2829,45, United-States, <=50K
42, Private, HS-grad, Married-civ-spouse, Transport-moving, White, Male,2885,45, United-States, >=50K
56, Private, HS-grad, Married-civ-spouse, Craft-repair, White, Male,2885,45, United-States, <=50K
35, State-gov, Bachelors, Never-married, Exec-managerial, Asian-Pac-Islander, Female,2977,45, United-States, <=50K
31, Private, HS-grad, Married-civ-spouse, Farming-fishing, White, Male,3137,45, United-States, <=50K
38, Private, HS-grad, Married-civ-spouse, Machine-op-inspct, White, Male,3137,45, United-States, <=50K
69, Self-emp-not-inc, 10th, Married-spouse-absent, Farming-fishing, White, Male,3273,45, United-States, <=50K
29, Private, Bachelors, Never-married, Sales, White, Female,3325,45, United-States, <=50K
25, Private, HS-grad, Divorced, Craft-repair, White, Male,3325,45, United-States, <=50K
47, Private, HS-grad, Divorced, Exec-managerial, Amer-Indian-Eskimo, Female,3325,45, United-States, <=50K
46, Self-emp-inc, HS-grad, Married-spouse-absent, Farming-fishing, White, Male,3325,45, United-States, <=50K
36, Private, Some-college, Divorced, Sales, White, Female,3325,45, United-States, <=50K
49, Private, Some-college, Divorced, Machine-op-inspct, White, Male,3325,45, United-States, <=50K
61, Private, 5th-6th, Married-civ-spouse, Handlers-cleaners, White, Male,3411,45, United-States, <=50K
29, Private, Bachelors, Married-civ-spouse, Craft-repair, White, Male,3411,45, United-States, <=50K
31, Local-gov, Some-college, Married-civ-spouse, Protective-serv, White, Male,3464,45, United-States, <=50K
41, Self-emp-not-inc, HS-grad, Divorced, Sales, White, Male,3674,45, United-States, <=50K
34, Private, Assoc-voc, Married-civ-spouse, Adm-clerical, White, Male,3908,45, United-States, <=50K
42, Self-emp-not-inc, HS-grad, Married-civ-spouse, Sales, White, Male,3908,45, United-States, <=50K
26, Private, HS-grad, Married-civ-spouse, Exec-managerial, White, Male,3942,45, United-States, <=50K
52, Self-emp-inc, 10th, Married-civ-spouse, Sales, White, Male,4064,45, United-States, <=50K
28, Private, HS-grad, Married-civ-spouse, Transport-moving, White, Male,4064,45, United-States, <=50K
50, Self-emp-not-inc, Bachelors, Never-married, Craft-repair, White, Male,4416,45, United-States, <=50K
31, Private, Bachelors, Divorced, Exec-managerial, White, Male,4650,45, United-States, <=50K
32, Private, Some-college, Never-married, Craft-repair, White, Male,4650,45, United-States, <=50K
37, Local-gov, Bachelors, Never-married, Prof-specialty, White, Female,4865,45, United-States, <=50K
55, Private, HS-grad, Separated, Machine-op-inspct, White, Male,4865,45, United-States, <=50K
56, Private, 7th-8th, Married-civ-spouse, Machine-op-inspct, White, Female,5013,45, United-States, <=50K
30, Local-gov, Assoc-acdm, Married-civ-spouse, Protective-serv, White, Male,5013,45, United-States, >=50K
45, Federal-gov, Bachelors, Married-civ-spouse, Adm-clerical, White, Male,5013,45, United-States, <=50K
32, Local-gov, Bachelors, Married-civ-spouse, Prof-specialty, White, Female,5013,45, United-States, <=50K
48, Private, Bachelors, Married-civ-spouse, Exec-managerial, White, Male,5013,45, United-States, <=50K
49, Private, Bachelors, Married-civ-spouse, Prof-specialty, White, Male,5013,45, United-States, <=50K
50, Private, HS-grad, Married-civ-spouse, Craft-repair, White, Male,5013,45, United-States, <=50K
43, Self-emp-inc, Masters, Married-civ-spouse, Exec-managerial, White, Male,5013,45, United-States, <=50K
48, Self-emp-not-inc, Some-college, Married-civ-spouse, Prof-specialty, White, Male,5013,45, United-States, <=50K
47, Local-gov, Masters, Divorced, Prof-specialty, White, Female,5455,45, United-States, <=50K
49, Self-emp-inc, Bachelors, Divorced, Prof-specialty, White, Male,6497,45, United-States, <=50K
63, Private, Some-college, Married-civ-spouse, Craft-repair, White, Male,10566,45, United-States, <=50K
60, Self-emp-not-inc, Some-college, Married-civ-spouse, Transport-moving, White, Male,3137,46, United-States, <=50K
34, Private, HS-grad, Married-civ-spouse, Craft-repair, White, Male,3908,46, United-States, <=50K
50, Private, HS-grad, Married-civ-spouse, Machine-op-inspct, White, Male,3137,47, United-States, <=50K
37, Private, Bachelors, Married-civ-spouse, Exec-managerial, White, Male,3411,47, United-States, <=50K
51, Private, 7th-8th, Married-civ-spouse, Exec-managerial, Amer-Indian-Eskimo, Male,3908,47, United-States, <=50K
28, Private, HS-grad, Never-married, Sales, White, Female,2202,48, United-States, <=50K
32, Private, Assoc-acdm, Divorced, Sales, White, Male,2597,48, United-States, <=50K
25, Private, Some-college, Never-married, Other-service, White, Male,2597,48, United-States, <=50K
26, Private, Some-college, Separated, Sales, Amer-Indian-Eskimo, Male,2597,48, United-States, <=50K
25, Private, Bachelors, Never-married, Sales, White, Male,3325,48, United-States, <=50K
26, Private, HS-grad, Married-civ-spouse, Machine-op-inspct, White, Male,3464,48, United-States, <=50K
19, Private, HS-grad, Never-married, Sales, White, Male,4101,48, United-States, <=50K
38, Private, HS-grad, Married-civ-spouse, Craft-repair, Black, Male,4386,48, United-States, <=50K
40, Private, Bachelors, Never-married, Exec-managerial, White, Female,4650,48, United-States, <=50K
39, Local-gov, HS-grad, Never-married, Protective-serv, Amer-Indian-Eskimo, Male,4650,48, United-States, <=50K
26, Private, 11th, Never-married, Machine-op-inspct, White, Male,6497,48, United-States, <=50K
29, Private, Bachelors, Never-married, Sales, White, Male,6849,48, United-States, >=50K
38, Private, HS-grad, Never-married, Handlers-cleaners, White, Male,594,50, United-States, <=50K
55, Local-gov, Masters, Widowed, Prof-specialty, White, Female,914,50, United-States, <=50K
44, Private, Assoc-acdm, Never-married, Prof-specialty, Black, Female,1151,50, United-States, <=50K
42, Self-emp-inc, HS-grad, Divorced, Sales, White, Male,1151,50, United-States, <=50K
66, Self-emp-not-inc, HS-grad, Married-civ-spouse, Farming-fishing, White, Male,1409,50, United-States, <=50K
41, Private, HS-grad, Divorced, Craft-repair, White, Female,1506,50, United-States, <=50K
46, State-gov, Some-college, Divorced, Prof-specialty, White, Female,1506,50, United-States, <=50K
44, Private, Some-college, Divorced, Transport-moving, White, Male,1831,50, United-States, <=50K
65, Private, HS-grad, Divorced, Exec-managerial, White, Female,1848,50, United-States, <=50K
24, Private, 7th-8th, Married-civ-spouse, Farming-fishing, White, Male,2105,50, United-States, <=50K
37, Self-emp-not-inc, Assoc-acdm, Married-civ-spouse, Farming-fishing, White, Male,2105,50, United-States, <=50K
45, Private, Assoc-voc, Divorced, Exec-managerial, White, Male,2174,50, United-States, <=50K
36, Self-emp-not-inc, Bachelors, Never-married, Sales, Black, Female,2174,50, United-States, <=50K
29, Private, HS-grad, Never-married, Exec-managerial, White, Male,2174,50, United-States, <=50K
25, Private, Some-college, Never-married, Tech-support, Black, Female,2174,50, United-States, <=50K
28, Local-gov, Bachelors, Never-married, Prof-specialty, White, Female,2202,50, United-States, <=50K
33, Private, Bachelors, Never-married, Prof-specialty, White, Male,2202,50, United-States, <=50K
29, Self-emp-not-inc, Some-college, Divorced, Craft-repair, White, Male,2202,50, United-States, <=50K
55, Self-emp-not-inc, Masters, Married-civ-spouse, Sales, White, Male,2228,50, United-States, <=50K
45, Private, 12th, Married-civ-spouse, Adm-clerical, White, Male,2407,50, United-States, <=50K
49, Private, 7th-8th, Married-civ-spouse, Transport-moving, White, Male,2407,50, United-States, <=50K
26, Private, Some-college, Married-civ-spouse, Exec-managerial, White, Male,2407,50, United-States, <=50K
64, Private, 7th-8th, Married-civ-spouse, Adm-clerical, White, Male,2580,50, United-States, <=50K
25, Private, 10th, Never-married, Transport-moving, White, Male,2597,50, United-States, <=50K
25, State-gov, Bachelors, Never-married, Other-service, White, Female,2597,50, United-States, <=50K
23, Private, Some-college, Never-married, Handlers-cleaners, White, Male,2597,50, United-States, <=50K
24, Private, HS-grad, Married-civ-spouse, Craft-repair, White, Male,2885,50, United-States, >=50K
26, Private, 11th, Separated, Craft-repair, White, Male,2907,50, United-States, <=50K
34, Private, HS-grad, Divorced, Exec-managerial, White, Female,2977,50, United-States, <=50K
61, Private, Masters, Married-civ-spouse, Sales, White, Male,3103,50, United-States, <=50K
40, Self-emp-not-inc, Masters, Married-civ-spouse, Sales, White, Male,3103,50, United-States, <=50K
31, Self-emp-not-inc, Assoc-voc, Married-civ-spouse, Exec-managerial, White, Male,3137,50, United-States, <=50K
44, Self-emp-not-inc, HS-grad, Married-civ-spouse, Craft-repair, White, Male,3137,50, United-States, <=50K
54, Private, Some-college, Married-civ-spouse, Sales, White, Male,3137,50, United-States, <=50K
38, Self-emp-not-inc, Some-college, Married-civ-spouse, Prof-specialty, White, Male,3137,50, United-States, <=50K
33, Private, HS-grad, Never-married, Sales, White, Male,3325,50, United-States, <=50K
35, Private, HS-grad, Never-married, Other-service, White, Male,3325,50, United-States, <=50K
41, Private, HS-grad, Never-married, Craft-repair, White, Male,3325,50, United-States, <=50K
28, Private, Some-college, Never-married, Prof-specialty, Black, Female,3325,50, United-States, <=50K
30, Private, Some-college, Never-married, Prof-specialty, White, Male,3325,50, United-States, <=50K
49, Private, Some-college, Divorced, Exec-managerial, White, Male,3325,50, United-States, <=50K
37, Private, HS-grad, Married-civ-spouse, Machine-op-inspct, White, Male,3464,50, United-States, <=50K
21, Private, HS-grad, Never-married, Handlers-cleaners, White, Male,3674,50, United-States, <=50K
44, Private, HS-grad, Divorced, Sales, White, Male,3674,50, United-States, <=50K
20, Private, HS-grad, Married-civ-spouse, Adm-clerical, White, Male,3781,50, United-States, <=50K
31, Self-emp-inc, Bachelors, Married-civ-spouse, Sales, White, Male,3908,50, United-States, <=50K
44, Private, Masters, Married-civ-spouse, Adm-clerical, White, Male,3908,50, United-States, <=50K
29, Private, 11th, Married-civ-spouse, Craft-repair, White, Male,3942,50, United-States, <=50K
26, Private, Bachelors, Married-civ-spouse, Sales, White, Male,4064,50, United-States, <=50K
32, Private, Bachelors, Married-civ-spouse, Exec-managerial, White, Male,4064,50, United-States, <=50K
34, Local-gov, HS-grad, Married-civ-spouse, Protective-serv, White, Male,4064,50, United-States, <=50K
49, Private, HS-grad, Married-civ-spouse, Machine-op-inspct, White, Male,4064,50, United-States, <=50K
26, Private, Some-college, Married-civ-spouse, Exec-managerial, White, Male,4064,50, United-States, <=50K
31, Private, Bachelors, Never-married, Sales, White, Male,4101,50, United-States, <=50K
24, Private, HS-grad, Never-married, Exec-managerial, White, Male,4101,50, United-States, <=50K
32, Private, Some-college, Never-married, Adm-clerical, White, Female,4101,50, United-States, >=50K
32, Private, Some-college, Married-civ-spouse, Sales, White, Male,4386,50, United-States, <=50K
40, Private, Some-college, Married-civ-spouse, Sales, White, Male,4386,50, United-States, <=50K
31, Private, 12th, Never-married, Sales, White, Male,4650,50, United-States, <=50K
36, Private, 12th, Never-married, Exec-managerial, White, Male,4650,50, United-States, <=50K
35, Self-emp-not-inc, HS-grad, Never-married, Exec-managerial, White, Male,4650,50, United-States, <=50K
27, Federal-gov, HS-grad, Divorced, Adm-clerical, White, Male,4865,50, United-States, <=50K
36, Private, Bachelors, Married-civ-spouse, Exec-managerial, White, Male,5013,50, United-States, <=50K
46, Private, HS-grad, Married-civ-spouse, Sales, White, Male,5013,50, United-States, <=50K
49, Self-emp-not-inc, HS-grad, Married-civ-spouse, Craft-repair, White, Male,5013,50, United-States, <=50K
57, Private, Some-college, Married-civ-spouse, Sales, White, Male,5013,50, United-States, <=50K
42, Private, HS-grad, Divorced, Exec-managerial, Black, Female,5455,50, United-States, <=50K
43, Self-emp-inc, HS-grad, Divorced, Craft-repair, White, Male,5455,50, United-States, <=50K
46, Private, Masters, Divorced, Prof-specialty, White, Female,6497,50, United-States, <=50K
25, Private, Bachelors, Never-married, Sales, White, Female,6849,50, United-States, <=50K
33, Private, Some-college, Never-married, Adm-clerical, White, Female,6849,50, United-States, <=50K
90, Self-emp-not-inc, Bachelors, Married-civ-spouse, Prof-specialty, White, Male,10566,50, United-States, <=50K
63, Self-emp-not-inc, Masters, Married-civ-spouse, Farming-fishing, White, Male,41310,50, United-States, <=50K
55, Private, Some-college, Married-civ-spouse, Craft-repair, White, Male,5013,52, United-States, <=50K
48, Private, Some-college, Divorced, Transport-moving, White, Male,3325,53, United-States, <=50K
33, Private, 9th, Divorced, Craft-repair, White, Male,114,55, United-States, <=50K
66, Private, HS-grad, Never-married, Transport-moving, White, Male,2050,55, United-States, <=50K
28, Private, Some-college, Never-married, Exec-managerial, White, Male,2174,55, United-States, <=50K
60, Self-emp-not-inc, HS-grad, Divorced, Sales, Black, Male,2597,55, United-States, <=50K
35, Self-emp-not-inc, Assoc-voc, Married-civ-spouse, Farming-fishing, White, Male,3103,55, United-States, >=50K
46, Private, Some-college, Divorced, Transport-moving, White, Male,3325,55, United-States, <=50K
36, Private, HS-grad, Married-civ-spouse, Craft-repair, White, Male,3908,55, United-States, <=50K
51, Private, Assoc-voc, Married-civ-spouse, Other-service, White, Male,4064,55, United-States, <=50K
46, Private, HS-grad, Married-civ-spouse, Farming-fishing, White, Male,4064,55, United-States, <=50K
54, Private, HS-grad, Married-civ-spouse, Sales, White, Male,4064,55, United-States, <=50K
50, Local-gov, Some-college, Married-civ-spouse, Craft-repair, White, Male,4064,55, United-States, <=50K
44, Private, Some-college, Married-civ-spouse, Craft-repair, White, Male,4386,55, United-States, <=50K
41, Private, Masters, Widowed, Prof-specialty, White, Female,4650,55, United-States, <=50K
34, State-gov, Bachelors, Divorced, Prof-specialty, White, Male,4865,55, United-States, <=50K
28, Self-emp-inc, Bachelors, Married-civ-spouse, Exec-managerial, White, Male,5013,55, United-States, <=50K
32, Private, HS-grad, Married-civ-spouse, Machine-op-inspct, White, Male,5013,55, United-States, <=50K
28, Private, Some-college, Married-civ-spouse, Handlers-cleaners, White, Male,5013,55, United-States, <=50K
60, Local-gov, Bachelors, Separated, Prof-specialty, White, Female,5455,55, United-States, <=50K
34, Private, HS-grad, Divorced, Craft-repair, White, Male,6849,55, United-States, <=50K
58, Self-emp-inc, Assoc-voc, Divorced, Sales, White, Male,2202,56, United-States, <=50K
36, Private, 9th, Divorced, Handlers-cleaners, White, Male,4650,56, United-States, <=50K
36, Federal-gov, Some-college, Separated, Adm-clerical, Black, Female,6497,56, United-States, <=50K
34, Local-gov, HS-grad, Never-married, Farming-fishing, Black, Male,594,60, United-States, <=50K
65, Self-emp-not-inc, Prof-school, Never-married, Prof-specialty, White, Male,1086,60, United-States, <=50K
46, Self-emp-inc, Some-college, Divorced, Exec-managerial, White, Female,2036,60, United-States, <=50K
21, Private, Assoc-voc, Never-married, Exec-managerial, White, Female,2174,60, United-States, <=50K
36, Private, Some-college, Never-married, Craft-repair, White, Male,2174,60, United-States, <=50K
72, Private, Masters, Never-married, Prof-specialty, White, Male,2329,60, United-States, <=50K
37, Private, 7th-8th, Married-civ-spouse, Farming-fishing, White, Male,2580,60, United-States, <=50K
25, Private, Bachelors, Married-civ-spouse, Craft-repair, White, Male,2829,60, United-States, <=50K
45, Self-emp-not-inc, Bachelors, Married-civ-spouse, Sales, White, Male,2829,60, United-States, <=50K
71, Private, Some-college, Never-married, Other-service, White, Female,2964,60, United-States, >=50K
51, Self-emp-not-inc, HS-grad, Married-civ-spouse, Craft-repair, White, Male,3137,60, United-States, <=50K
31, Private, Bachelors, Never-married, Tech-support, White, Male,3325,60, United-States, <=50K
47, Self-emp-inc, Bachelors, Never-married, Sales, White, Male,3325,60, United-States, <=50K
21, Private, HS-grad, Never-married, Handlers-cleaners, White, Male,3325,60, United-States, <=50K
48, Self-emp-not-inc, Some-college, Divorced, Sales, White, Female,3325,60, United-States, <=50K
35, Self-emp-not-inc, Some-college, Married-civ-spouse, Exec-managerial, White, Male,3908,60, United-States, <=50K
47, Private, Bachelors, Married-civ-spouse, Sales, White, Male,4064,60, United-States, <=50K
47, Private, HS-grad, Married-civ-spouse, Handlers-cleaners, White, Male,4064,60, United-States, <=50K
28, Local-gov, Bachelors, Never-married, Adm-clerical, Black, Female,4101,60, United-States, <=50K
35, Self-emp-not-inc, Some-college, Separated, Farming-fishing, White, Male,4101,60, United-States, <=50K
44, Private, 10th, Married-civ-spouse, Machine-op-inspct, White, Male,4386,60, United-States, <=50K
33, Private, HS-grad, Married-civ-spouse, Exec-managerial, White, Male,4386,60, United-States, >=50K
